Gen,Resource,Stamp,TimeStamp_Start,TimeStamp_End,Duration,Indiv_id
0,1,FirstEvaluation,2088850000,-1887659596,318457700,-1
0,1,STEP,-1887011696,-1883874596,3137100,-1
1,1,STEP,-1883641696,-1881864396,1777300,-1
2,1,STEP,-1881653396,-1879849396,1804000,-1
3,1,STEP,-1879620096,-1877988496,1631600,-1
4,1,STEP,-1877776696,-1876259896,1516800,-1
5,1,STEP,-1876032396,-1874644396,1388000,-1
6,1,STEP,-1874425396,-1873023996,1401400,-1
7,1,STEP,-1872812996,-1871412596,1400400,-1
8,1,STEP,-1871198296,-1869952896,1245400,-1
9,1,STEP,-1869755596,-1868383096,1372500,-1
10,1,STEP,-1868158296,-1866593696,1564600,-1
11,1,STEP,-1866304496,-1864553096,1751400,-1
12,1,STEP,-1864233196,-1862222696,2010500,-1
13,1,STEP,-1861856096,-1860026496,1829600,-1
14,1,STEP,-1859513296,-1857897496,1615800,-1
15,1,STEP,-1857520896,-1855334596,2186300,-1
16,1,STEP,-1854968996,-1852882196,2086800,-1
17,1,STEP,-1852547496,-1851206296,1341200,-1
18,1,STEP,-1850954896,-1849425596,1529300,-1
19,1,STEP,-1849130796,-1847667296,1463500,-1
20,1,STEP,-1847286496,-1844836096,2450400,-1
21,1,STEP,-1844421196,-1841761796,2659400,-1
22,1,STEP,-1841516596,-1838978396,2538200,-1
23,1,STEP,-1838493796,-1836274396,2219400,-1
24,1,STEP,-1835947696,-1834691396,1256300,-1
25,1,STEP,-1834452596,-1832456596,1996000,-1
26,1,STEP,-1831961796,-1830162996,1798800,-1
27,1,STEP,-1829750396,-1827436096,2314300,-1
28,1,STEP,-1827067596,-1825408596,1659000,-1
29,1,STEP,-1824973296,-1822864496,2108800,-1
30,1,STEP,-1821721596,-1819953996,1767600,-1
31,1,STEP,-1819478896,-1817838596,1640300,-1
32,1,STEP,-1817429296,-1815813996,1615300,-1
33,1,STEP,-1815498096,-1813562996,1935100,-1
34,1,STEP,-1813232196,-1811496496,1735700,-1
35,1,STEP,-1811067096,-1809013796,2053300,-1
36,1,STEP,-1808707296,-1806428496,2278800,-1
37,1,STEP,-1805997996,-1804587896,1410100,-1
38,1,STEP,-1804193296,-1801973496,2219800,-1
39,1,STEP,-1801581896,-1799859596,1722300,-1
40,1,STEP,-1799500396,-1797083096,2417300,-1
41,1,STEP,-1796769096,-1795295696,1473400,-1
42,1,STEP,-1794919696,-1792506596,2413100,-1
43,1,STEP,-1792136496,-1790031596,2104900,-1
44,1,STEP,-1789679996,-1788156596,1523400,-1
45,1,STEP,-1787771296,-1785845396,1925900,-1
46,1,STEP,-1785426196,-1783679396,1746800,-1
47,1,STEP,-1783427096,-1781913096,1514000,-1
48,1,STEP,-1781600896,-1779294196,2306700,-1
49,1,STEP,-1778824896,-1776500296,2324600,-1
50,1,STEP,-1776151796,-1774421896,1729900,-1
51,1,STEP,-1774083196,-1771687596,2395600,-1
52,1,STEP,-1771384896,-1769530696,1854200,-1
53,1,STEP,-1769031996,-1767455696,1576300,-1
54,1,STEP,-1767119896,-1765214596,1905300,-1
55,1,STEP,-1764849896,-1762494196,2355700,-1
56,1,STEP,-1762127596,-1759125796,3001800,-1
57,1,STEP,-1758399696,-1756617996,1781700,-1
58,1,STEP,-1756313496,-1754958796,1354700,-1
59,1,STEP,-1754725496,-1753551996,1173500,-1
60,1,STEP,-1753339196,-1752070996,1268200,-1
61,1,STEP,-1751858496,-1750678596,1179900,-1
62,1,STEP,-1750454196,-1748374496,2079700,-1
63,1,STEP,-1747881096,-1745272396,2608700,-1
64,1,STEP,-1744756496,-1742607296,2149200,-1
65,1,STEP,-1742183796,-1740383496,1800300,-1
66,1,STEP,-1740086196,-1738569796,1516400,-1
67,1,STEP,-1738182396,-1736731496,1450900,-1
68,1,STEP,-1736447596,-1735103396,1344200,-1
69,1,STEP,-1734853896,-1733255996,1597900,-1
70,1,STEP,-1733014696,-1731641196,1373500,-1
71,1,STEP,-1731272796,-1728624296,2648500,-1
72,1,STEP,-1727534796,-1726145396,1389400,-1
73,1,STEP,-1725916996,-1724703196,1213800,-1
74,1,STEP,-1724368696,-1722973696,1395000,-1
75,1,STEP,-1722742596,-1720957796,1784800,-1
76,1,STEP,-1720576896,-1718910796,1666100,-1
77,1,STEP,-1718647596,-1717257496,1390100,-1
78,1,STEP,-1716995396,-1715526296,1469100,-1
79,1,STEP,-1715164096,-1712589796,2574300,-1
80,1,STEP,-1711897696,-1709909396,1988300,-1
81,1,STEP,-1709536196,-1707243896,2292300,-1
82,1,STEP,-1706855396,-1704700096,2155300,-1
83,1,STEP,-1704311696,-1702052396,2259300,-1
84,1,STEP,-1701741996,-1700087896,1654100,-1
85,1,STEP,-1699679496,-1697425396,2254100,-1
86,1,STEP,-1696508596,-1694150596,2358000,-1
87,1,STEP,-1693634596,-1691164396,2470200,-1
88,1,STEP,-1690756596,-1688548096,2208500,-1
89,1,STEP,-1688258796,-1686041696,2217100,-1
90,1,STEP,-1685779896,-1684480896,1299000,-1
91,1,STEP,-1684260596,-1682557696,1702900,-1
92,1,STEP,-1681965296,-1679990896,1974400,-1
93,1,STEP,-1679606296,-1677956896,1649400,-1
94,1,STEP,-1676930996,-1675543796,1387200,-1
95,1,STEP,-1675326896,-1674037296,1289600,-1
96,1,STEP,-1673830596,-1672805696,1024900,-1
97,1,STEP,-1672616896,-1671217096,1399800,-1
98,1,STEP,-1670979496,-1669791596,1187900,-1
99,1,STEP,-1669599496,-1668394396,1205100,-1
100,1,STEP,-1668094196,-1666507596,1586600,-1
101,1,STEP,-1666148296,-1664933996,1214300,-1
102,1,STEP,-1664718696,-1662909096,1809600,-1
103,1,STEP,-1662620096,-1660847696,1772400,-1
104,1,STEP,-1660390996,-1659075696,1315300,-1
105,1,STEP,-1658841996,-1657747096,1094900,-1
106,1,STEP,-1657554296,-1656288296,1266000,-1
107,1,STEP,-1656073096,-1654678296,1394800,-1
108,1,STEP,-1654461296,-1653221696,1239600,-1
109,1,STEP,-1653016596,-1651522196,1494400,-1
110,1,STEP,-1650612796,-1648955496,1657300,-1
111,1,STEP,-1648694596,-1646985896,1708700,-1
112,1,STEP,-1646546996,-1644897196,1649800,-1
113,1,STEP,-1644632396,-1643534096,1098300,-1
114,1,STEP,-1643320696,-1642001096,1319600,-1
115,1,STEP,-1641772996,-1640241796,1531200,-1
116,1,STEP,-1640001296,-1638584296,1417000,-1
117,1,STEP,-1638248196,-1636482496,1765700,-1
118,1,STEP,-1635893596,-1634105096,1788500,-1
119,1,STEP,-1633761096,-1631190896,2570200,-1
120,1,STEP,-1630874396,-1628908296,1966100,-1
121,1,STEP,-1628521296,-1627100196,1421100,-1
122,1,STEP,-1626824396,-1625465996,1358400,-1
123,1,STEP,-1625199396,-1623897296,1302100,-1
124,1,STEP,-1623668396,-1622308096,1360300,-1
125,1,STEP,-1622081396,-1620270096,1811300,-1
126,1,STEP,-1619472396,-1618163796,1308600,-1
127,1,STEP,-1617930096,-1616301496,1628600,-1
128,1,STEP,-1615910896,-1614248796,1662100,-1
129,1,STEP,-1613843096,-1611844296,1998800,-1
130,1,STEP,-1611367096,-1609940696,1426400,-1
131,1,STEP,-1609647196,-1608324196,1323000,-1
132,1,STEP,-1607997896,-1606852496,1145400,-1
133,1,STEP,-1606541696,-1604838396,1703300,-1
134,1,STEP,-1604490196,-1603096496,1393700,-1
135,1,STEP,-1602776596,-1601409796,1366800,-1
136,1,STEP,-1601032996,-1599312296,1720700,-1
137,1,STEP,-1598869396,-1597518196,1351200,-1
138,1,STEP,-1597026896,-1595371696,1655200,-1
139,1,STEP,-1595016096,-1593709796,1306300,-1
140,1,STEP,-1593412496,-1591956196,1456300,-1
141,1,STEP,-1591671296,-1589592996,2078300,-1
142,1,STEP,-1588871796,-1587679396,1192400,-1
143,1,STEP,-1587386596,-1586056696,1329900,-1
144,1,STEP,-1585715996,-1584253696,1462300,-1
145,1,STEP,-1583939796,-1582509096,1430700,-1
146,1,STEP,-1582123196,-1580753696,1369500,-1
147,1,STEP,-1580384096,-1578779996,1604100,-1
148,1,STEP,-1578502096,-1577241496,1260600,-1
149,1,STEP,-1577050696,-1575864996,1185700,-1
150,1,STEP,-1575686096,-1574114196,1571900,-1
151,1,STEP,-1572611196,-1570922496,1688700,-1
152,1,STEP,-1570662996,-1569578396,1084600,-1
153,1,STEP,-1569265896,-1568164296,1101600,-1
154,1,STEP,-1567852796,-1566737896,1114900,-1
155,1,STEP,-1566445996,-1564993496,1452500,-1
156,1,STEP,-1564628096,-1562587196,2040900,-1
157,1,STEP,-1562173196,-1560457996,1715200,-1
158,1,STEP,-1560092496,-1558209196,1883300,-1
159,1,STEP,-1557212396,-1555560096,1652300,-1
160,1,STEP,-1555085296,-1553495496,1589800,-1
161,1,STEP,-1553010696,-1551425596,1585100,-1
162,1,STEP,-1551025196,-1549149696,1875500,-1
163,1,STEP,-1548765796,-1547328696,1437100,-1
164,1,STEP,-1546838296,-1544956096,1882200,-1
165,1,STEP,-1544576696,-1543016496,1560200,-1
166,1,STEP,-1542344196,-1540055196,2289000,-1
167,1,STEP,-1539597296,-1538098196,1499100,-1
168,1,STEP,-1537624896,-1536343596,1281300,-1
169,1,STEP,-1536014196,-1534910796,1103400,-1
170,1,STEP,-1534637096,-1533541996,1095100,-1
171,1,STEP,-1533303196,-1532257396,1045800,-1
172,1,STEP,-1531749896,-1529641696,2108200,-1
173,1,STEP,-1529210496,-1527989096,1221400,-1
174,1,STEP,-1527608596,-1525616496,1992100,-1
175,1,STEP,-1524723696,-1523258596,1465100,-1
176,1,STEP,-1522897796,-1521390496,1507300,-1
177,1,STEP,-1520839696,-1518866096,1973600,-1
178,1,STEP,-1518520096,-1517304996,1215100,-1
179,1,STEP,-1516998296,-1515741696,1256600,-1
180,1,STEP,-1515434296,-1514170296,1264000,-1
181,1,STEP,-1513884596,-1511961196,1923400,-1
182,1,STEP,-1511389696,-1509100896,2288800,-1
183,1,STEP,-1508789596,-1507589196,1200400,-1
184,1,STEP,-1507307296,-1505961696,1345600,-1
185,1,STEP,-1505655196,-1504596996,1058200,-1
186,1,STEP,-1504325596,-1503131796,1193800,-1
187,1,STEP,-1502861996,-1501316096,1545900,-1
188,1,STEP,-1500901396,-1499205496,1695900,-1
189,1,STEP,-1498770496,-1497171296,1599200,-1
190,1,STEP,-1496645196,-1494982696,1662500,-1
191,1,STEP,-1493481596,-1492228696,1252900,-1
192,1,STEP,-1491812396,-1490458496,1353900,-1
193,1,STEP,-1490054896,-1488689396,1365500,-1
194,1,STEP,-1488378696,-1487208696,1170000,-1
195,1,STEP,-1486938696,-1485715196,1223500,-1
196,1,STEP,-1485403996,-1484523996,880000,-1
197,1,STEP,-1484255696,-1483114396,1141300,-1
198,1,STEP,-1482826896,-1480837696,1989200,-1
199,1,STEP,-1480266596,-1477832596,2434000,-1
200,1,STEP,-1477014296,-1475666796,1347500,-1
201,1,STEP,-1475117696,-1473558196,1559500,-1
202,1,STEP,-1473179096,-1471134496,2044600,-1
203,1,STEP,-1470735296,-1468655496,2079800,-1
204,1,STEP,-1468366096,-1467054396,1311700,-1
205,1,STEP,-1466713696,-1464727696,1986000,-1
206,1,STEP,-1463283396,-1461339796,1943600,-1
207,1,STEP,-1460968296,-1459551496,1416800,-1
208,1,STEP,-1459304396,-1457758896,1545500,-1
209,1,STEP,-1457326196,-1455603496,1722700,-1
210,1,STEP,-1455253296,-1454043996,1209300,-1
211,1,STEP,-1453713196,-1452072096,1641100,-1
212,1,STEP,-1451728396,-1449791796,1936600,-1
213,1,STEP,-1449354696,-1447239296,2115400,-1
214,1,STEP,-1446429596,-1444844896,1584700,-1
215,1,STEP,-1444442696,-1441940696,2502000,-1
216,1,STEP,-1441579296,-1439777296,1802000,-1
217,1,STEP,-1439379396,-1437649496,1729900,-1
218,1,STEP,-1437297796,-1434989296,2308500,-1
219,1,STEP,-1434518996,-1431793796,2725200,-1
220,1,STEP,-1431328896,-1429265496,2063400,-1
221,1,STEP,-1428766496,-1426515896,2250600,-1
222,1,STEP,-1426134196,-1424819196,1315000,-1
223,1,STEP,-1424540696,-1423205096,1335600,-1
224,1,STEP,-1422891696,-1421495496,1396200,-1
225,1,STEP,-1421148796,-1419008896,2139900,-1
226,1,STEP,-1418685696,-1416269096,2416600,-1
227,1,STEP,-1415894696,-1414404896,1489800,-1
228,1,STEP,-1413982696,-1411572096,2410600,-1
229,1,STEP,-1411123796,-1409025296,2098500,-1
230,1,STEP,-1408610096,-1406396996,2213100,-1
231,1,STEP,-1406057296,-1404900096,1157200,-1
232,1,STEP,-1404623096,-1402965796,1657300,-1
233,1,STEP,-1401678596,-1399446596,2232000,-1
234,1,STEP,-1399070296,-1396618196,2452100,-1
235,1,STEP,-1396167496,-1394212496,1955000,-1
236,1,STEP,-1393841596,-1392585496,1256100,-1
237,1,STEP,-1392227596,-1390580596,1647000,-1
238,1,STEP,-1390262896,-1389008896,1254000,-1
239,1,STEP,-1388656396,-1386624196,2032200,-1
240,1,STEP,-1385642196,-1383982796,1659400,-1
241,1,STEP,-1383542896,-1381475496,2067400,-1
242,1,STEP,-1381113796,-1378655896,2457900,-1
243,1,STEP,-1378079196,-1376589396,1489800,-1
244,1,STEP,-1376180596,-1374784396,1396200,-1
245,1,STEP,-1374498996,-1373211196,1287800,-1
246,1,STEP,-1372900296,-1371637696,1262600,-1
247,1,STEP,-1371212096,-1369149296,2062800,-1
248,1,STEP,-1368771096,-1366538496,2232600,-1
249,1,STEP,-1366144896,-1364147296,1997600,-1
250,1,STEP,-1363472696,-1360471296,3001400,-1
251,1,STEP,-1360043796,-1357611196,2432600,-1
252,1,STEP,-1357247696,-1354838096,2409600,-1
253,1,STEP,-1353756996,-1351647896,2109100,-1
254,1,STEP,-1350361696,-1347617396,2744300,-1
255,1,STEP,-1347249896,-1344942196,2307700,-1
256,1,STEP,-1344393896,-1342942496,1451400,-1
257,1,STEP,-1342607896,-1340143696,2464200,-1
258,1,STEP,-1339646696,-1337923596,1723100,-1
259,1,STEP,-1337533496,-1336014596,1518900,-1
260,1,STEP,-1335666596,-1334299596,1367000,-1
261,1,STEP,-1334009696,-1332539496,1470200,-1
262,1,STEP,-1332211696,-1330361996,1849700,-1
263,1,STEP,-1329833896,-1328109296,1724600,-1
264,1,STEP,-1327678396,-1325486896,2191500,-1
265,1,STEP,-1325096696,-1323089596,2007100,-1
266,1,STEP,-1321940396,-1320223696,1716700,-1
267,1,STEP,-1319888196,-1318583296,1304900,-1
268,1,STEP,-1318236796,-1316635296,1601500,-1
269,1,STEP,-1316258596,-1314897196,1361400,-1
270,1,STEP,-1314576596,-1312964696,1611900,-1
271,1,STEP,-1312634496,-1310597996,2036500,-1
272,1,STEP,-1310328596,-1309102296,1226300,-1
273,1,STEP,-1308881096,-1307169496,1711600,-1
274,1,STEP,-1306118096,-1304853296,1264800,-1
275,1,STEP,-1304620696,-1303513896,1106800,-1
276,1,STEP,-1303284996,-1302003796,1281200,-1
277,1,STEP,-1301660196,-1300106796,1553400,-1
278,1,STEP,-1299791896,-1298207896,1584000,-1
279,1,STEP,-1297888296,-1296225496,1662800,-1
280,1,STEP,-1295807696,-1294320896,1486800,-1
281,1,STEP,-1293996096,-1292551396,1444700,-1
282,1,STEP,-1292225096,-1290288196,1936900,-1
283,1,STEP,-1289914996,-1288523996,1391000,-1
284,1,STEP,-1288244196,-1286648996,1595200,-1
285,1,STEP,-1286252596,-1284786496,1466100,-1
286,1,STEP,-1284409996,-1283098096,1311900,-1
287,1,STEP,-1282746396,-1281219996,1526400,-1
288,1,STEP,-1280862896,-1279139796,1723100,-1
289,1,STEP,-1278654396,-1277205296,1449100,-1
290,1,STEP,-1276728896,-1275237896,1491000,-1
291,1,STEP,-1274944096,-1273640296,1303800,-1
292,1,STEP,-1273337096,-1272198396,1138700,-1
293,1,STEP,-1271937196,-1270498096,1439100,-1
294,1,STEP,-1270183096,-1268822596,1360500,-1
295,1,STEP,-1268456996,-1266994796,1462200,-1
296,1,STEP,-1266543396,-1265056796,1486600,-1
297,1,STEP,-1264708496,-1262350796,2357700,-1
298,1,STEP,-1261559796,-1259593896,1965900,-1
299,1,STEP,-1259299696,-1258045696,1254000,-1
300,1,STEP,-1257730196,-1256439996,1290200,-1
301,1,STEP,-1256013196,-1254080596,1932600,-1
302,1,STEP,-1253761196,-1251731896,2029300,-1
303,1,STEP,-1251266396,-1248847996,2418400,-1
304,1,STEP,-1248468296,-1247084996,1383300,-1
305,1,STEP,-1246639096,-1244444396,2194700,-1
306,1,STEP,-1244026796,-1242560996,1465800,-1
307,1,STEP,-1242133496,-1240419496,1714000,-1
308,1,STEP,-1240123696,-1238787596,1336100,-1
309,1,STEP,-1238476896,-1237184096,1292800,-1
310,1,STEP,-1236861996,-1235434396,1427600,-1
311,1,STEP,-1235056896,-1233698196,1358700,-1
312,1,STEP,-1233283696,-1231667996,1615700,-1
313,1,STEP,-1231271496,-1228716896,2554600,-1
314,1,STEP,-1228114896,-1226698596,1416300,-1
315,1,STEP,-1226267396,-1224701496,1565900,-1
316,1,STEP,-1224183296,-1222594196,1589100,-1
317,1,STEP,-1222224696,-1219942696,2282000,-1
318,1,STEP,-1219525196,-1217238896,2286300,-1
319,1,STEP,-1216932796,-1215425796,1507000,-1
320,1,STEP,-1215094396,-1212185596,2908800,-1
321,1,STEP,-1211759996,-1209149296,2610700,-1
322,1,STEP,-1208737996,-1207294096,1443900,-1
323,1,STEP,-1206885296,-1205387196,1498100,-1
324,1,STEP,-1205036496,-1203407196,1629300,-1
325,1,STEP,-1203024996,-1200493296,2531700,-1
326,1,STEP,-1200114596,-1197486896,2627700,-1
327,1,STEP,-1197079696,-1194829896,2249800,-1
328,1,STEP,-1194434896,-1192713796,1721100,-1
329,1,STEP,-1192291196,-1190050096,2241100,-1
330,1,STEP,-1189717896,-1187993996,1723900,-1
331,1,STEP,-1187734796,-1186255496,1479300,-1
332,1,STEP,-1185913296,-1184125296,1788000,-1
333,1,STEP,-1183792196,-1182097496,1694700,-1
334,1,STEP,-1179833396,-1177451196,2382200,-1
335,1,STEP,-1176968596,-1175448396,1520200,-1
336,1,STEP,-1175041096,-1173332496,1708600,-1
337,1,STEP,-1173061196,-1171468896,1592300,-1
338,1,STEP,-1171228996,-1169876096,1352900,-1
339,1,STEP,-1169638996,-1168380096,1258900,-1
340,1,STEP,-1167840596,-1166285496,1555100,-1
341,1,STEP,-1166023996,-1164571396,1452600,-1
342,1,STEP,-1164327696,-1162721396,1606300,-1
343,1,STEP,-1161242796,-1159587696,1655100,-1
344,1,STEP,-1159344696,-1157844696,1500000,-1
345,1,STEP,-1157635596,-1156160596,1475000,-1
346,1,STEP,-1155876196,-1154194896,1681300,-1
347,1,STEP,-1153827296,-1152007696,1819600,-1
348,1,STEP,-1151384796,-1149259196,2125600,-1
349,1,STEP,-1148912396,-1147250796,1661600,-1
350,1,STEP,-1146892496,-1144674796,2217700,-1
351,1,STEP,-1144100896,-1142533096,1567800,-1
352,1,STEP,-1142188596,-1139816596,2372000,-1
353,1,STEP,-1139385296,-1137529796,1855500,-1
354,1,STEP,-1137013896,-1135019596,1994300,-1
355,1,STEP,-1134615496,-1132370196,2245300,-1
356,1,STEP,-1131930996,-1129350896,2580100,-1
357,1,STEP,-1128801696,-1126630196,2171500,-1
358,1,STEP,-1126183996,-1124704196,1479800,-1
359,1,STEP,-1124296796,-1120646196,3650600,-1
360,1,STEP,-1119469496,-1116787596,2681900,-1
361,1,STEP,-1116430996,-1114782496,1648500,-1
362,1,STEP,-1113813796,-1111440196,2373600,-1
363,1,STEP,-1110728396,-1108986796,1741600,-1
364,1,STEP,-1107926496,-1105606396,2320100,-1
365,1,STEP,-1104584196,-1101381496,3202700,-1
366,1,STEP,-1100815996,-1097756996,3059000,-1
367,1,STEP,-1097222196,-1094283096,2939100,-1
368,1,STEP,-1093717896,-1090967996,2749900,-1
369,1,STEP,-1089694296,-1087418096,2276200,-1
370,1,STEP,-1087080596,-1084780096,2300500,-1
371,1,STEP,-1082791196,-1077318996,5472200,-1
372,1,STEP,-1075010796,-1072341296,2669500,-1
373,1,STEP,-1069874196,-1067175396,2698800,-1
374,1,STEP,-1066482396,-1064486496,1995900,-1
375,1,STEP,-1063890996,-1059233996,4657000,-1
376,1,STEP,-1058704396,-1057286196,1418200,-1
377,1,STEP,-1057050996,-1055684096,1366900,-1
378,1,STEP,-1055430496,-1054152596,1277900,-1
379,1,STEP,-1053927696,-1052716496,1211200,-1
380,1,STEP,-1052462996,-1050587896,1875100,-1
381,1,STEP,-1050318196,-1049194496,1123700,-1
382,1,STEP,-1048894996,-1047356596,1538400,-1
383,1,STEP,-1046909496,-1044619296,2290200,-1
384,1,STEP,-1044123596,-1042787196,1336400,-1
385,1,STEP,-1042411796,-1040482696,1929100,-1
386,1,STEP,-1039962196,-1038315396,1646800,-1
387,1,STEP,-1038018396,-1036674096,1344300,-1
388,1,STEP,-1036388396,-1035073596,1314800,-1
389,1,STEP,-1034711896,-1033232896,1479000,-1
390,1,STEP,-1032828596,-1030891196,1937400,-1
391,1,STEP,-1030375696,-1028037296,2338400,-1
392,1,STEP,-1027623496,-1026306596,1316900,-1
393,1,STEP,-1026068696,-1024635496,1433200,-1
394,1,STEP,-1024267796,-1022355996,1911800,-1
395,1,STEP,-1021936196,-1019819096,2117100,-1
396,1,STEP,-1019446696,-1017323396,2123300,-1
397,1,STEP,-1016992696,-1015405596,1587100,-1
398,1,STEP,-1014985496,-1012451596,2533900,-1
399,1,STEP,-1012048896,-1010319896,1729000,-1
400,1,STEP,-1009908896,-1007495496,2413400,-1
401,1,STEP,-1007096396,-1004999496,2096900,-1
402,1,STEP,-1004624596,-1002243296,2381300,-1
403,1,STEP,-1001876996,-999519396,2357600,-1
404,1,STEP,-999148096,-996984296,2163800,-1
405,1,STEP,-996704796,-994604696,2100100,-1
406,1,STEP,-994209096,-992408396,1800700,-1
407,1,STEP,-992155496,-990773096,1382400,-1
408,1,STEP,-990431996,-988305196,2126800,-1
409,1,STEP,-987931696,-986289696,1642000,-1
410,1,STEP,-985922996,-984054696,1868300,-1
411,1,STEP,-983723896,-981731396,1992500,-1
412,1,STEP,-980847496,-978372296,2475200,-1
413,1,STEP,-978008096,-976417196,1590900,-1
414,1,STEP,-975897996,-974494096,1403900,-1
415,1,STEP,-974220996,-973027496,1193500,-1
416,1,STEP,-972748696,-971407696,1341000,-1
417,1,STEP,-971130096,-969737096,1393000,-1
418,1,STEP,-969430296,-968075196,1355100,-1
419,1,STEP,-967799296,-966209196,1590100,-1
420,1,STEP,-965176896,-963849396,1327500,-1
421,1,STEP,-963451296,-961623496,1827800,-1
422,1,STEP,-961218896,-959725296,1493600,-1
423,1,STEP,-959471196,-958406996,1064200,-1
424,1,STEP,-958205396,-956948396,1257000,-1
425,1,STEP,-956729396,-955379396,1350000,-1
426,1,STEP,-955135896,-953826596,1309300,-1
427,1,STEP,-953575996,-952075596,1500400,-1
428,1,STEP,-951744396,-949811296,1933100,-1
429,1,STEP,-949282896,-946921496,2361400,-1
430,1,STEP,-946381796,-944555796,1826000,-1
431,1,STEP,-944251096,-943055696,1195400,-1
432,1,STEP,-942574196,-940537096,2037100,-1
433,1,STEP,-939012096,-936153096,2859000,-1
434,1,STEP,-932897696,-930531396,2366300,-1
435,1,STEP,-930028996,-927687896,2341100,-1
436,1,STEP,-926708296,-924310796,2397500,-1
437,1,STEP,-922454496,-917063496,5391000,-1
438,1,STEP,-915822296,-912880296,2942000,-1
439,1,STEP,-912182596,-910191896,1990700,-1
440,1,STEP,-909863596,-908683496,1180100,-1
441,1,STEP,-908319096,-906363896,1955200,-1
442,1,STEP,-905930496,-903531096,2399400,-1
443,1,STEP,-902868796,-897325896,5542900,-1
444,1,STEP,-896786896,-894568496,2218400,-1
445,1,STEP,-891110396,-887749296,3361100,-1
446,1,STEP,-887350396,-885354996,1995400,-1
447,1,STEP,-884270196,-880394396,3875800,-1
448,1,STEP,-878950696,-876716996,2233700,-1
449,1,STEP,-876389996,-874915596,1474400,-1
450,1,STEP,-874514296,-872315196,2199100,-1
451,1,STEP,-870926996,-867510496,3416500,-1
452,1,STEP,-866067796,-862824996,3242800,-1
453,1,STEP,-862094396,-859454396,2640000,-1
454,1,STEP,-859033796,-857653896,1379900,-1
455,1,STEP,-856732696,-855600796,1131900,-1
456,1,STEP,-855211696,-852404096,2807600,-1
457,1,STEP,-851924296,-849860096,2064200,-1
458,1,STEP,-849604396,-848351496,1252900,-1
459,1,STEP,-848161496,-846951496,1210000,-1
460,1,STEP,-846753896,-845172796,1581100,-1
461,1,STEP,-844933696,-843708696,1225000,-1
462,1,STEP,-843532296,-842025996,1506300,-1
463,1,STEP,-841756896,-840288296,1468600,-1
464,1,STEP,-840086496,-839011796,1074700,-1
465,1,STEP,-838822896,-837550896,1272000,-1
466,1,STEP,-837355496,-836188396,1167100,-1
467,1,STEP,-835928196,-834611396,1316800,-1
468,1,STEP,-834385096,-833075596,1309500,-1
469,1,STEP,-832716396,-831127396,1589000,-1
470,1,STEP,-830725396,-829155696,1569700,-1
471,1,STEP,-828841996,-827156896,1685100,-1
472,1,STEP,-826499996,-825126996,1373000,-1
473,1,STEP,-824757196,-823243296,1513900,-1
474,1,STEP,-822766996,-821084696,1682300,-1
475,1,STEP,-820734296,-819328396,1405900,-1
476,1,STEP,-819000596,-816972496,2028100,-1
477,1,STEP,-816616696,-813772596,2844100,-1
478,1,STEP,-813416296,-810813196,2603100,-1
479,1,STEP,-809929296,-808316996,1612300,-1
480,1,STEP,-808066296,-806851096,1215200,-1
481,1,STEP,-806593296,-805120896,1472400,-1
482,1,STEP,-804846596,-803552596,1294000,-1
483,1,STEP,-803296496,-801162796,2133700,-1
484,1,STEP,-800714896,-798856396,1858500,-1
485,1,STEP,-798543396,-796175796,2367600,-1
486,1,STEP,-795143396,-793196696,1946700,-1
487,1,STEP,-792761596,-790600096,2161500,-1
488,1,STEP,-790011496,-788500296,1511200,-1
489,1,STEP,-788238296,-786855796,1382500,-1
490,1,STEP,-786612796,-784952396,1660400,-1
491,1,STEP,-784681696,-783481696,1200000,-1
492,1,STEP,-783253496,-781059696,2193800,-1
493,1,STEP,-780609596,-779013996,1595600,-1
494,1,STEP,-778745896,-777087196,1658700,-1
495,1,STEP,-776729296,-775276896,1452400,-1
496,1,STEP,-775044096,-773798896,1245200,-1
497,1,STEP,-773585996,-772472896,1113100,-1
498,1,STEP,-772279396,-771132496,1146900,-1
499,1,STEP,-770898296,-769824596,1073700,-1
500,1,STEP,-769623896,-768613196,1010700,-1
501,1,STEP,-768445496,-767288196,1157300,-1
502,1,STEP,-767119696,-765635796,1483900,-1
503,1,STEP,-764451496,-762385196,2066300,-1
504,1,STEP,-761952696,-760193196,1759500,-1
505,1,STEP,-759901696,-758527396,1374300,-1
506,1,STEP,-758283796,-757127596,1156200,-1
507,1,STEP,-756932196,-755692296,1239900,-1
508,1,STEP,-755493296,-754492196,1001100,-1
509,1,STEP,-754310196,-753247996,1062200,-1
510,1,STEP,-753081196,-751864296,1216900,-1
511,1,STEP,-751680096,-750562096,1118000,-1
512,1,STEP,-750301696,-747677296,2624400,-1
513,1,STEP,-747146696,-744910596,2236100,-1
514,1,STEP,-744391896,-742944296,1447600,-1
515,1,STEP,-742733096,-741499496,1233600,-1
516,1,STEP,-741192096,-739838296,1353800,-1
517,1,STEP,-739639896,-738467196,1172700,-1
518,1,STEP,-738275596,-736905896,1369700,-1
519,1,STEP,-736731096,-735451396,1279700,-1
520,1,STEP,-735033096,-733583596,1449500,-1
521,1,STEP,-733384696,-732104396,1280300,-1
522,1,STEP,-731846196,-730172696,1673500,-1
523,1,STEP,-729939096,-728273196,1665900,-1
524,1,STEP,-727822296,-726413696,1408600,-1
525,1,STEP,-726187196,-725028396,1158800,-1
526,1,STEP,-724838296,-723680396,1157900,-1
527,1,STEP,-723509296,-722248396,1260900,-1
528,1,STEP,-722023396,-720579396,1444000,-1
529,1,STEP,-720122396,-718652296,1470100,-1
530,1,STEP,-718410996,-717147596,1263400,-1
531,1,STEP,-716877796,-715728396,1149400,-1
532,1,STEP,-715487296,-714330496,1156800,-1
533,1,STEP,-713960996,-712195596,1765400,-1
534,1,STEP,-711925096,-710042096,1883000,-1
535,1,STEP,-709705996,-708331196,1374800,-1
536,1,STEP,-707984596,-706171696,1812900,-1
537,1,STEP,-705876896,-704544696,1332200,-1
538,1,STEP,-702922996,-701431296,1491700,-1
539,1,STEP,-701057096,-699828096,1229000,-1
540,1,STEP,-699524496,-697102096,2422400,-1
541,1,STEP,-696719696,-694525196,2194500,-1
542,1,STEP,-694187796,-692858996,1328800,-1
543,1,STEP,-692542096,-691485296,1056800,-1
544,1,STEP,-691242896,-690038796,1204100,-1
545,1,STEP,-689814096,-688194696,1619400,-1
546,1,STEP,-687916496,-686774796,1141700,-1
547,1,STEP,-686559696,-685325496,1234200,-1
548,1,STEP,-685075396,-683954496,1120900,-1
549,1,STEP,-683707296,-682574896,1132400,-1
550,1,STEP,-682302296,-680960196,1342100,-1
551,1,STEP,-680503696,-679005496,1498200,-1
552,1,STEP,-678633796,-677089296,1544500,-1
553,1,STEP,-676653596,-675200496,1453100,-1
554,1,STEP,-674933096,-673454696,1478400,-1
555,1,STEP,-673115396,-671558096,1557300,-1
556,1,STEP,-671184596,-669515196,1669400,-1
557,1,STEP,-669144996,-667725496,1419500,-1
558,1,STEP,-667406696,-665940196,1466500,-1
559,1,STEP,-665627096,-664227796,1399300,-1
560,1,STEP,-663950496,-662704096,1246400,-1
561,1,STEP,-662436696,-660435196,2001500,-1
562,1,STEP,-660118396,-658471896,1646500,-1
563,1,STEP,-658033296,-656940096,1093200,-1
564,1,STEP,-656688396,-655474496,1213900,-1
565,1,STEP,-655225096,-654013596,1211500,-1
566,1,STEP,-653759796,-652443296,1316500,-1
567,1,STEP,-652158596,-650711296,1447300,-1
568,1,STEP,-650452096,-649387796,1064300,-1
569,1,STEP,-649136896,-647777896,1359000,-1
570,1,STEP,-647504296,-646303096,1201200,-1
571,1,STEP,-645909896,-644007896,1902000,-1
572,1,STEP,-643127396,-641984396,1143000,-1
573,1,STEP,-641780896,-640305596,1475300,-1
574,1,STEP,-639898896,-638667996,1230900,-1
575,1,STEP,-638443696,-637344096,1099600,-1
576,1,STEP,-637145596,-635882696,1262900,-1
577,1,STEP,-635682996,-634617696,1065300,-1
578,1,STEP,-634416396,-633305596,1110800,-1
579,1,STEP,-633111096,-631873696,1237400,-1
580,1,STEP,-631638396,-630090796,1547600,-1
581,1,STEP,-629830196,-627627896,2202300,-1
582,1,STEP,-626719896,-625765496,954400,-1
583,1,STEP,-625519796,-624392696,1127100,-1
584,1,STEP,-624156496,-623190696,965800,-1
585,1,STEP,-622948696,-621580696,1368000,-1
586,1,STEP,-621221996,-619719396,1502600,-1
587,1,STEP,-619489896,-618552196,937700,-1
588,1,STEP,-618314996,-617182996,1132000,-1
589,1,STEP,-616918096,-615831796,1086300,-1
590,1,STEP,-615527996,-614202796,1325200,-1
591,1,STEP,-613812096,-612914296,897800,-1
592,1,STEP,-612296696,-610077796,2218900,-1
593,1,STEP,-609191096,-608109696,1081400,-1
594,1,STEP,-607810396,-606517596,1292800,-1
595,1,STEP,-606191296,-604980996,1210300,-1
596,1,STEP,-604647596,-603457496,1190100,-1
597,1,STEP,-603156896,-602062996,1093900,-1
598,1,STEP,-601794196,-599973596,1820600,-1
599,1,STEP,-599413196,-597917196,1496000,-1
600,1,STEP,-597546696,-595681796,1864900,-1
601,1,STEP,-595066596,-593697996,1368600,-1
602,1,STEP,-593439296,-592419596,1019700,-1
603,1,STEP,-592222096,-590754196,1467900,-1
604,1,STEP,-590547296,-589489896,1057400,-1
605,1,STEP,-589294696,-588286596,1008100,-1
606,1,STEP,-588087896,-586971896,1116000,-1
607,1,STEP,-586781496,-585662696,1118800,-1
608,1,STEP,-585465096,-584284396,1180700,-1
609,1,STEP,-584094396,-582907996,1186400,-1
610,1,STEP,-582660196,-580025696,2634500,-1
611,1,STEP,-578767596,-577458096,1309500,-1
612,1,STEP,-577126196,-575949996,1176200,-1
613,1,STEP,-575640196,-574335396,1304800,-1
614,1,STEP,-574012596,-572864096,1148500,-1
615,1,STEP,-572577696,-571311396,1266300,-1
616,1,STEP,-570988796,-569539096,1449700,-1
617,1,STEP,-569229996,-568164596,1065400,-1
618,1,STEP,-567869996,-566764196,1105800,-1
619,1,STEP,-566485996,-564860796,1625200,-1
620,1,STEP,-563339496,-562055196,1284300,-1
621,1,STEP,-561742996,-560327396,1415600,-1
622,1,STEP,-560101396,-558795296,1306100,-1
623,1,STEP,-558594896,-557455596,1139300,-1
624,1,STEP,-557260196,-556149096,1111100,-1
625,1,STEP,-555949196,-554832496,1116700,-1
626,1,STEP,-554641496,-553519196,1122300,-1
627,1,STEP,-553328996,-552307696,1021300,-1
628,1,STEP,-552049596,-550656496,1393100,-1
629,1,STEP,-550418796,-548869496,1549300,-1
630,1,STEP,-547196796,-545795796,1401000,-1
631,1,STEP,-545438696,-543940996,1497700,-1
632,1,STEP,-543598896,-542345396,1253500,-1
633,1,STEP,-542054796,-539993296,2061500,-1
634,1,STEP,-539494596,-538368396,1126200,-1
635,1,STEP,-538085396,-537039696,1045700,-1
636,1,STEP,-536793496,-535808896,984600,-1
637,1,STEP,-535540696,-534607096,933600,-1
638,1,STEP,-534343496,-532751096,1592400,-1
639,1,STEP,-531500196,-530160496,1339700,-1
640,1,STEP,-529862796,-528354396,1508400,-1
641,1,STEP,-527681596,-526410896,1270700,-1
642,1,STEP,-526100396,-524887696,1212700,-1
643,1,STEP,-524587496,-523550596,1036900,-1
644,1,STEP,-523285096,-522078696,1206400,-1
645,1,STEP,-521777496,-519860496,1917000,-1
646,1,STEP,-519489696,-518459296,1030400,-1
647,1,STEP,-518111796,-516239396,1872400,-1
648,1,STEP,-515702796,-514222296,1480500,-1
649,1,STEP,-513308596,-511940596,1368000,-1
650,1,STEP,-511625096,-510146796,1478300,-1
651,1,STEP,-509912796,-508355896,1556900,-1
652,1,STEP,-508151696,-506932196,1219500,-1
653,1,STEP,-506735596,-505548596,1187000,-1
654,1,STEP,-505354796,-504254896,1099900,-1
655,1,STEP,-504060096,-502676196,1383900,-1
656,1,STEP,-500832796,-499269296,1563500,-1
657,1,STEP,-498869496,-497301696,1567800,-1
658,1,STEP,-496988396,-495624696,1363700,-1
659,1,STEP,-495251296,-493957196,1294100,-1
660,1,STEP,-493521496,-492156096,1365400,-1
661,1,STEP,-491929296,-490468896,1460400,-1
662,1,STEP,-490251696,-489051296,1200400,-1
663,1,STEP,-488852896,-487264396,1588500,-1
664,1,STEP,-486126596,-484587496,1539100,-1
665,1,STEP,-483674496,-482289496,1385000,-1
666,1,STEP,-482035696,-479765596,2270100,-1
667,1,STEP,-479415896,-476515896,2900000,-1
668,1,STEP,-476297396,-474836696,1460700,-1
669,1,STEP,-474619796,-473384596,1235200,-1
670,1,STEP,-473185096,-471853896,1331200,-1
671,1,STEP,-471613196,-470347496,1265700,-1
672,1,STEP,-470137696,-468981096,1156600,-1
673,1,STEP,-468777896,-467656396,1121500,-1
674,1,STEP,-467459696,-466200396,1259300,-1
675,1,STEP,-466002196,-464806596,1195600,-1
676,1,STEP,-464421396,-463219696,1201700,-1
677,1,STEP,-462965896,-460118096,2847800,-1
678,1,STEP,-459689996,-458028696,1661300,-1
679,1,STEP,-457645996,-455909696,1736300,-1
680,1,STEP,-455263596,-453767996,1495600,-1
681,1,STEP,-453433996,-451568496,1865500,-1
682,1,STEP,-451034996,-449477896,1557100,-1
683,1,STEP,-449168896,-448019496,1149400,-1
684,1,STEP,-447782396,-446603696,1178700,-1
685,1,STEP,-446402796,-444815896,1586900,-1
686,1,STEP,-444143796,-442375996,1767800,-1
687,1,STEP,-442134296,-440725296,1409000,-1
688,1,STEP,-439382796,-438181096,1201700,-1
689,1,STEP,-437978996,-436651096,1327900,-1
690,1,STEP,-436117096,-434660496,1456600,-1
691,1,STEP,-434283396,-432785396,1498000,-1
692,1,STEP,-432499296,-430996596,1502700,-1
693,1,STEP,-430590896,-428899296,1691600,-1
694,1,STEP,-428450896,-426226596,2224300,-1
695,1,STEP,-425974596,-424017796,1956800,-1
696,1,STEP,-423759096,-422541596,1217500,-1
697,1,STEP,-422336196,-420683596,1652600,-1
698,1,STEP,-420317796,-418897496,1420300,-1
699,1,STEP,-403446596,-401464396,1982200,-1
700,1,STEP,-401020096,-399412896,1607200,-1
701,1,STEP,-399015496,-396894996,2120500,-1
702,1,STEP,-396451996,-393679596,2772400,-1
703,1,STEP,-393099096,-391541296,1557800,-1
704,1,STEP,-390942296,-389317496,1624800,-1
705,1,STEP,-388772496,-387152696,1619800,-1
706,1,STEP,-386806496,-385561696,1244800,-1
707,1,STEP,-385228396,-384150696,1077700,-1
708,1,STEP,-383863396,-382661896,1201500,-1
709,1,STEP,-382342296,-380903496,1438800,-1
710,1,STEP,-380526096,-378281196,2244900,-1
711,1,STEP,-376534196,-374899996,1634200,-1
712,1,STEP,-374488096,-372965996,1522100,-1
713,1,STEP,-372560896,-371037196,1523700,-1
714,1,STEP,-370656696,-369414196,1242500,-1
715,1,STEP,-369078896,-367739696,1339200,-1
716,1,STEP,-367401496,-366082896,1318600,-1
717,1,STEP,-365605996,-364004896,1601100,-1
718,1,STEP,-361915496,-359968296,1947200,-1
719,1,STEP,-359483196,-358123596,1359600,-1
720,1,STEP,-357733896,-356044396,1689500,-1
721,1,STEP,-355649496,-354408796,1240700,-1
722,1,STEP,-354036996,-352731696,1305300,-1
723,1,STEP,-352375096,-351047496,1327600,-1
724,1,STEP,-350699196,-349354796,1344400,-1
725,1,STEP,-348923296,-347181496,1741800,-1
726,1,STEP,-346837096,-345739996,1097100,-1
727,1,STEP,-345370296,-343814296,1556000,-1
728,1,STEP,-343410496,-342120896,1289600,-1
729,1,STEP,-341538396,-339430896,2107500,-1
730,1,STEP,-339144996,-338111696,1033300,-1
731,1,STEP,-337716896,-336191796,1525100,-1
732,1,STEP,-335732696,-334492596,1240100,-1
733,1,STEP,-334230896,-332277496,1953400,-1
734,1,STEP,-331095496,-329729896,1365600,-1
735,1,STEP,-329489496,-328039596,1449900,-1
736,1,STEP,-327791196,-326377196,1414000,-1
737,1,STEP,-326173196,-324872096,1301100,-1
738,1,STEP,-324670396,-323503896,1166500,-1
739,1,STEP,-323308196,-322152796,1155400,-1
740,1,STEP,-321863796,-319893996,1969800,-1
741,1,STEP,-319612196,-318302796,1309400,-1
742,1,STEP,-318043396,-316260296,1783100,-1
743,1,STEP,-314830196,-313213296,1616900,-1
744,1,STEP,-312794496,-310716096,2078400,-1
745,1,STEP,-310360696,-308775596,1585100,-1
746,1,STEP,-308449596,-307137196,1312400,-1
747,1,STEP,-306898496,-305745196,1153300,-1
748,1,STEP,-305545896,-304405796,1140100,-1
749,1,STEP,-304209796,-302952496,1257300,-1
750,1,STEP,-302691496,-301647396,1044100,-1
751,1,STEP,-301401996,-299574196,1827800,-1
752,1,STEP,-298891296,-297554296,1337000,-1
753,1,STEP,-297321496,-296186396,1135100,-1
754,1,STEP,-295984796,-294666996,1317800,-1
755,1,STEP,-294434696,-292986696,1448000,-1
756,1,STEP,-292765096,-291559196,1205900,-1
757,1,STEP,-291211996,-289971996,1240000,-1
758,1,STEP,-289772196,-288636496,1135700,-1
759,1,STEP,-288443596,-286996396,1447200,-1
760,1,STEP,-286802596,-285484996,1317600,-1
761,1,STEP,-285282196,-283144196,2138000,-1
762,1,STEP,-282737196,-281003196,1734000,-1
763,1,STEP,-280744696,-279439496,1305200,-1
764,1,STEP,-279221096,-277329996,1891100,-1
765,1,STEP,-276649096,-273801696,2847400,-1
766,1,STEP,-273437696,-271311696,2126000,-1
767,1,STEP,-266370896,-263911596,2459300,-1
768,1,STEP,-263269396,-259710096,3559300,-1
769,1,STEP,-258924696,-257203096,1721600,-1
770,1,STEP,-256764096,-254787296,1976800,-1
771,1,STEP,-252924296,-251304996,1619300,-1
772,1,STEP,-251110696,-249818796,1291900,-1
773,1,STEP,-249650996,-248366396,1284600,-1
774,1,STEP,-248175096,-247012496,1162600,-1
775,1,STEP,-246805396,-245681396,1124000,-1
776,1,STEP,-245356696,-243866996,1489700,-1
777,1,STEP,-243486096,-240482396,3003700,-1
778,1,STEP,-239998796,-237808396,2190400,-1
779,1,STEP,-237582196,-236389296,1192900,-1
780,1,STEP,-236188796,-234813096,1375700,-1
781,1,STEP,-234589796,-233287296,1302500,-1
782,1,STEP,-232964396,-231733196,1231200,-1
783,1,STEP,-231381096,-230000296,1380800,-1
784,1,STEP,-229689796,-228116396,1573400,-1
785,1,STEP,-227631396,-226175296,1456100,-1
786,1,STEP,-225739996,-223784496,1955500,-1
787,1,STEP,-223195696,-221688896,1506800,-1
788,1,STEP,-221386596,-220278296,1108300,-1
789,1,STEP,-220066796,-218862096,1204700,-1
790,1,STEP,-218640796,-217275396,1365400,-1
791,1,STEP,-217044596,-215764796,1279800,-1
792,1,STEP,-215559596,-214422596,1137000,-1
793,1,STEP,-214225196,-212973596,1251600,-1
794,1,STEP,-212662096,-209932396,2729700,-1
795,1,STEP,-209598396,-206058096,3540300,-1
796,1,STEP,-204452496,-202697196,1755300,-1
797,1,STEP,-202476296,-201024696,1451600,-1
798,1,STEP,-200613096,-199288496,1324600,-1
799,1,STEP,-199062096,-197821596,1240500,-1
800,1,STEP,-197440396,-196023196,1417200,-1
801,1,STEP,-195096496,-193560596,1535900,-1
802,1,STEP,-191733196,-190329696,1403500,-1
803,1,STEP,-190105296,-188920896,1184400,-1
804,1,STEP,-188723896,-187619696,1104200,-1
805,1,STEP,-187426296,-186190296,1236000,-1
806,1,STEP,-185993196,-184872596,1120600,-1
807,1,STEP,-184676696,-183631696,1045000,-1
808,1,STEP,-183365496,-182150696,1214800,-1
809,1,STEP,-181788896,-179344696,2444200,-1
810,1,STEP,-179036096,-177359496,1676600,-1
811,1,STEP,-175834096,-174004696,1829400,-1
812,1,STEP,-173682396,-172103596,1578800,-1
813,1,STEP,-171867796,-170404096,1463700,-1
814,1,STEP,-170170996,-168823596,1347400,-1
815,1,STEP,-168633596,-167553896,1079700,-1
816,1,STEP,-167372696,-165950296,1422400,-1
817,1,STEP,-165628296,-164418996,1209300,-1
818,1,STEP,-164229496,-162971696,1257800,-1
819,1,STEP,-162723496,-160653096,2070400,-1
820,1,STEP,-159043096,-156822096,2221000,-1
821,1,STEP,-156420496,-154530596,1889900,-1
822,1,STEP,-154237896,-152856996,1380900,-1
823,1,STEP,-152627696,-151528796,1098900,-1
824,1,STEP,-151225496,-149870496,1355000,-1
825,1,STEP,-149633096,-148500196,1132900,-1
826,1,STEP,-148261596,-147162796,1098800,-1
827,1,STEP,-146961596,-145408696,1552900,-1
828,1,STEP,-144585096,-143257296,1327800,-1
829,1,STEP,-142294096,-139927796,2366300,-1
830,1,STEP,-139680696,-138381596,1299100,-1
831,1,STEP,-138187296,-136886496,1300800,-1
832,1,STEP,-136694196,-135427596,1266600,-1
833,1,STEP,-135234396,-134209596,1024800,-1
834,1,STEP,-134029296,-132882896,1146400,-1
835,1,STEP,-132685096,-131468696,1216400,-1
836,1,STEP,-131036996,-129279696,1757300,-1
837,1,STEP,-128610496,-126996496,1614000,-1
838,1,STEP,-126775596,-125637596,1138000,-1
839,1,STEP,-125419396,-124049596,1369800,-1
840,1,STEP,-123822196,-122844796,977400,-1
841,1,STEP,-122647596,-121512196,1135400,-1
842,1,STEP,-121185196,-119681396,1503800,-1
843,1,STEP,-119294396,-118228096,1066300,-1
844,1,STEP,-118011296,-116830096,1181200,-1
845,1,STEP,-116629496,-115594496,1035000,-1
846,1,STEP,-115361296,-114126396,1234900,-1
847,1,STEP,-113116796,-111486396,1630400,-1
848,1,STEP,-111095496,-110037896,1057600,-1
849,1,STEP,-109737996,-108661096,1076900,-1
850,1,STEP,-108375096,-107244396,1130700,-1
851,1,STEP,-106956096,-106054996,901100,-1
852,1,STEP,-105758496,-104657896,1100600,-1
853,1,STEP,-104372496,-103365096,1007400,-1
854,1,STEP,-103087396,-102024396,1063000,-1
855,1,STEP,-101725496,-99795796,1929700,-1
856,1,STEP,-99370896,-96844196,2526700,-1
857,1,STEP,-96186896,-94718296,1468600,-1
858,1,STEP,-94405796,-93020596,1385200,-1
859,1,STEP,-92633396,-91342896,1290500,-1
860,1,STEP,-90949796,-89720096,1229700,-1
861,1,STEP,-89499796,-88426396,1073400,-1
862,1,STEP,-88232696,-87200196,1032500,-1
863,1,STEP,-87005896,-86021696,984200,-1
864,1,STEP,-85832496,-84514896,1317600,-1
865,1,STEP,-84320396,-83160096,1160300,-1
866,1,STEP,-82807796,-80793096,2014700,-1
867,1,STEP,-80502596,-79368896,1133700,-1
868,1,STEP,-79103696,-77757696,1346000,-1
869,1,STEP,-77479796,-76383596,1096200,-1
870,1,STEP,-76114396,-75073596,1040800,-1
871,1,STEP,-74810996,-73716696,1094300,-1
872,1,STEP,-73466596,-72356496,1110100,-1
873,1,STEP,-72112796,-70863896,1248900,-1
874,1,STEP,-70601796,-69449096,1152700,-1
875,1,STEP,-69186896,-67923396,1263500,-1
876,1,STEP,-67660896,-66029596,1631300,-1
877,1,STEP,-64886796,-62795996,2090800,-1
878,1,STEP,-62457996,-59271596,3186400,-1
879,1,STEP,-58744696,-56719196,2025500,-1
880,1,STEP,-56357296,-54520396,1836900,-1
881,1,STEP,-54212796,-52950796,1262000,-1
882,1,STEP,-52750896,-50750696,2000200,-1
883,1,STEP,-50033196,-48741596,1291600,-1
884,1,STEP,-48445496,-47059796,1385700,-1
885,1,STEP,-46877396,-45682396,1195000,-1
886,1,STEP,-45291996,-43264496,2027500,-1
887,1,STEP,-42789896,-41031396,1758500,-1
888,1,STEP,-40345496,-38784096,1561400,-1
889,1,STEP,-38281396,-36160396,2121000,-1
890,1,STEP,-35656996,-34323496,1333500,-1
891,1,STEP,-33982696,-32745596,1237100,-1
892,1,STEP,-30820096,-29424296,1395800,-1
893,1,STEP,-29204296,-27471696,1732600,-1
894,1,STEP,-27071596,-25752096,1319500,-1
895,1,STEP,-25546896,-24492896,1054000,-1
896,1,STEP,-24297096,-23125596,1171500,-1
897,1,STEP,-22733496,-20935796,1797700,-1
898,1,STEP,-19819396,-18740196,1079200,-1
899,1,STEP,-18546196,-17444396,1101800,-1
900,1,STEP,-17191596,-15954496,1237100,-1
901,1,STEP,-15738896,-14104296,1634600,-1
902,1,STEP,-13905596,-12706796,1198800,-1
903,1,STEP,-12512296,-10979396,1532900,-1
904,1,STEP,-10557196,-9115296,1441900,-1
905,1,STEP,-8897596,-7595496,1302100,-1
906,1,STEP,-7396296,-6322996,1073300,-1
907,1,STEP,-6131596,-4693896,1437700,-1
908,1,STEP,-4482896,-3318396,1164500,-1
909,1,STEP,-3126996,-1824396,1302600,-1
910,1,STEP,-1584096,1039804,2623900,-1
911,1,STEP,1286504,2603204,1316700,-1
912,1,STEP,2805604,4037704,1232100,-1
913,1,STEP,4230404,5811204,1580800,-1
914,1,STEP,6031704,7107704,1076000,-1
915,1,STEP,7288204,8376304,1088100,-1
916,1,STEP,8575404,10012904,1437500,-1
917,1,STEP,11353304,12652604,1299300,-1
918,1,STEP,12845104,13969004,1123900,-1
919,1,STEP,14149704,15436004,1286300,-1
920,1,STEP,15616804,16905304,1288500,-1
921,1,STEP,17121704,18580304,1458600,-1
922,1,STEP,19087204,20800404,1713200,-1
923,1,STEP,21093704,22490904,1397200,-1
924,1,STEP,22753304,23799204,1045900,-1
925,1,STEP,24030904,25168004,1137100,-1
926,1,STEP,26237404,27559004,1321600,-1
927,1,STEP,27745004,28955804,1210800,-1
928,1,STEP,29147304,30315404,1168100,-1
929,1,STEP,30548504,32106804,1558300,-1
930,1,STEP,32318104,33596004,1277900,-1
931,1,STEP,33793404,34958004,1164600,-1
932,1,STEP,35137404,36271604,1134200,-1
933,1,STEP,36454504,37590004,1135500,-1
934,1,STEP,37843304,40403104,2559800,-1
935,1,STEP,42033504,43108704,1075200,-1
936,1,STEP,43361404,44418004,1056600,-1
937,1,STEP,44648804,45729504,1080700,-1
938,1,STEP,45972104,46976204,1004100,-1
939,1,STEP,47222904,48113304,890400,-1
940,1,STEP,48351104,49769404,1418300,-1
941,1,STEP,50200004,51404304,1204300,-1
942,1,STEP,51825904,53558204,1732300,-1
943,1,STEP,53874604,55378404,1503800,-1
944,1,STEP,56535604,57700204,1164600,-1
945,1,STEP,57965504,59706804,1741300,-1
946,1,STEP,60112104,61420504,1308400,-1
947,1,STEP,61644904,62899804,1254900,-1
948,1,STEP,63099104,64204504,1105400,-1
949,1,STEP,64394304,65593204,1198900,-1
950,1,STEP,65785804,67048104,1262300,-1
951,1,STEP,67380404,68560504,1180100,-1
952,1,STEP,68903904,70660004,1756100,-1
953,1,STEP,71401704,72638904,1237200,-1
954,1,STEP,72867204,73966604,1099400,-1
955,1,STEP,74133504,75528204,1394700,-1
956,1,STEP,75735404,77013404,1278000,-1
957,1,STEP,77212004,78246004,1034000,-1
958,1,STEP,78465504,80516904,2051400,-1
959,1,STEP,80743304,81899104,1155800,-1
960,1,STEP,82107104,83363904,1256800,-1
961,1,STEP,83579504,85373104,1793600,-1
962,1,STEP,86879004,88053404,1174400,-1
963,1,STEP,88457004,90039204,1582200,-1
964,1,STEP,90379104,91965604,1586500,-1
965,1,STEP,92316804,93578004,1261200,-1
966,1,STEP,93992904,95318704,1325800,-1
967,1,STEP,95541104,96777304,1236200,-1
968,1,STEP,96966604,97990704,1024100,-1
969,1,STEP,98267104,100231404,1964300,-1
970,1,STEP,100717404,102439404,1722000,-1
971,1,STEP,102660704,103918204,1257500,-1
972,1,STEP,104079704,105256904,1177200,-1
973,1,STEP,105639304,107511104,1871800,-1
974,1,STEP,107930904,109754004,1823100,-1
975,1,STEP,109971504,111032004,1060500,-1
976,1,STEP,111223304,112364604,1141300,-1
977,1,STEP,112558304,113615404,1057100,-1
978,1,STEP,113804704,114949704,1145000,-1
979,1,STEP,115271604,116481004,1209400,-1
980,1,STEP,116718204,119776304,3058100,-1
981,1,STEP,120180804,121588804,1408000,-1
982,1,STEP,122046304,123616004,1569700,-1
983,1,STEP,124237204,126035604,1798400,-1
984,1,STEP,126339204,127506804,1167600,-1
985,1,STEP,127713204,128764904,1051700,-1
986,1,STEP,129043804,130210404,1166600,-1
987,1,STEP,130664204,132768204,2104000,-1
988,1,STEP,133714404,135741704,2027300,-1
989,1,STEP,136117204,137411304,1294100,-1
990,1,STEP,137626204,139819304,2193100,-1
991,1,STEP,140161004,141807904,1646900,-1
992,1,STEP,142125404,144000304,1874900,-1
993,1,STEP,144424904,146399604,1974700,-1
994,1,STEP,147025104,148857104,1832000,-1
995,1,STEP,149122304,150766504,1644200,-1
996,1,STEP,151086204,152494504,1408300,-1
997,1,STEP,152721604,153871604,1150000,-1
998,1,STEP,154070604,156147704,2077100,-1
999,1,STEP,156682704,159074704,2392000,-1
